{
  "prompt_v1_scores": {
    "faithfulness": 0.9716666666666667,
    "answer_relevancy": 0.8629416867744187,
    "context_recall": 1.0,
    "context_precision": 0.989999999925
  },
  "prompt_v2_scores": {
    "faithfulness": 0.8514152236652237,
    "answer_relevancy": 0.810170976167953,
    "context_recall": 1.0,
    "context_precision": 0.9899999999226666
  },
  "target_met": true
}